Country Name;Country Code;Series Name;Series Code;Version Name;Version Code;2005 [YR2005]
Afghanistan;AFG;2005 PPP conversion factor, GDP (LCU per international $);PA.NUS.PPP.05;sep-19;201909;15.13216000
Afghanistan;AFG;2005 PPP conversion factor, private consumption (LCU per international $);PA.NUS.PRVT.PP.05;sep-19;201909;16.70967000
Albania;ALB;2005 PPP conversion factor, GDP (LCU per international $);PA.NUS.PPP.05;sep-19;201909;43.63988043
Albania;ALB;2005 PPP conversion factor, private consumption (LCU per international $);PA.NUS.PRVT.PP.05;sep-19;201909;55.65366514
Algeria;DZA;2005 PPP conversion factor, GDP (LCU per international $);PA.NUS.PPP.05;sep-19;201909;31.80737000
Algeria;DZA;2005 PPP conversion factor, private consumption (LCU per international $);PA.NUS.PRVT.PP.05;sep-19;201909;38.73944000
American Samoa;ASM;2005 PPP conversion factor, GDP (LCU per international $);PA.NUS.PPP.05;sep-19;201909;..
American Samoa;ASM;2005 PPP conversion factor, private consumption (LCU per international $);PA.NUS.PRVT.PP.05;sep-19;201909;..
Andorra;AND;2005 PPP conversion factor, GDP (LCU per international $);PA.NUS.PPP.05;sep-19;201909;..
Andorra;AND;2005 PPP conversion factor, private consumption (LCU per international $);PA.NUS.PRVT.PP.05;sep-19;201909;..
Angola;AGO;2005 PPP conversion factor, GDP (LCU per international $);PA.NUS.PPP.05;sep-19;201909;44.48755296
Angola;AGO;2005 PPP conversion factor, private consumption (LCU per international $);PA.NUS.PRVT.PP.05;sep-19;201909;70.50477382
Antigua and Barbuda;ATG;2005 PPP conversion factor, GDP (LCU per international $);PA.NUS.PPP.05;sep-19;201909;1.77419500
Antigua and Barbuda;ATG;2005 PPP conversion factor, private consumption (LCU per international $);PA.NUS.PRVT.PP.05;sep-19;201909;2.06802900
Arab League states;ARB;2005 PPP conversion factor, GDP (LCU per international $);PA.NUS.PPP.05;sep-19;201909;..
Arab League states;ARB;2005 PPP conversion factor, private consumption (LCU per international $);PA.NUS.PRVT.PP.05;sep-19;201909;..
Argentina;ARG;2005 PPP conversion factor, GDP (LCU per international $);PA.NUS.PPP.05;sep-19;201909;1.26939550
Argentina;ARG;2005 PPP conversion factor, private consumption (LCU per international $);PA.NUS.PRVT.PP.05;sep-19;201909;1.35259821
Armenia;ARM;2005 PPP conversion factor, GDP (LCU per international $);PA.NUS.PPP.05;sep-19;201909;178.58047227
Armenia;ARM;2005 PPP conversion factor, private consumption (LCU per international $);PA.NUS.PRVT.PP.05;sep-19;201909;196.18863189
Aruba;ABW;2005 PPP conversion factor, GDP (LCU per international $);PA.NUS.PPP.05;sep-19;201909;..
Aruba;ABW;2005 PPP conversion factor, private consumption (LCU per international $);PA.NUS.PRVT.PP.05;sep-19;201909;..
Australia;AUS;2005 PPP conversion factor, GDP (LCU per international $);PA.NUS.PPP.05;sep-19;201909;1.38835579
Australia;AUS;2005 PPP conversion factor, private consumption (LCU per international $);PA.NUS.PRVT.PP.05;sep-19;201909;1.46413957
Austria;AUT;2005 PPP conversion factor, GDP (LCU per international $);PA.NUS.PPP.05;sep-19;201909;0.88640438
Austria;AUT;2005 PPP conversion factor, private consumption (LCU per international $);PA.NUS.PRVT.PP.05;sep-19;201909;0.89014720
Azerbaijan;AZE;2005 PPP conversion factor, GDP (LCU per international $);PA.NUS.PPP.05;sep-19;201909;0.33188920
Azerbaijan;AZE;2005 PPP conversion factor, private consumption (LCU per international $);PA.NUS.PRVT.PP.05;sep-19;201909;0.35328713
Bahamas, The;BHS;2005 PPP conversion factor, GDP (LCU per international $);PA.NUS.PPP.05;sep-19;201909;0.77342474
Bahamas, The;BHS;2005 PPP conversion factor, private consumption (LCU per international $);PA.NUS.PRVT.PP.05;sep-19;201909;0.88569870
Bahrain;BHR;2005 PPP conversion factor, GDP (LCU per international $);PA.NUS.PPP.05;sep-19;201909;0.24876347
Bahrain;BHR;2005 PPP conversion factor, private consumption (LCU per international $);PA.NUS.PRVT.PP.05;sep-19;201909;0.31942232
Bangladesh;BGD;2005 PPP conversion factor, GDP (LCU per international $);PA.NUS.PPP.05;sep-19;201909;22.64161766
Bangladesh;BGD;2005 PPP conversion factor, private consumption (LCU per international $);PA.NUS.PRVT.PP.05;sep-19;201909;25.49387177
Barbados;BRB;2005 PPP conversion factor, GDP (LCU per international $);PA.NUS.PPP.05;sep-19;201909;1.23674200
Barbados;BRB;2005 PPP conversion factor, private consumption (LCU per international $);PA.NUS.PRVT.PP.05;sep-19;201909;1.43058100
Belarus;BLR;2005 PPP conversion factor, GDP (LCU per international $);PA.NUS.PPP.05;sep-19;201909;779.32578283
Belarus;BLR;2005 PPP conversion factor, private consumption (LCU per international $);PA.NUS.PRVT.PP.05;sep-19;201909;759.62345515
Belgium;BEL;2005 PPP conversion factor, GDP (LCU per international $);PA.NUS.PPP.05;sep-19;201909;0.89960007
Belgium;BEL;2005 PPP conversion factor, private consumption (LCU per international $);PA.NUS.PRVT.PP.05;sep-19;201909;0.92408618
Belize;BLZ;2005 PPP conversion factor, GDP (LCU per international $);PA.NUS.PPP.05;sep-19;201909;1.22176900
Belize;BLZ;2005 PPP conversion factor, private consumption (LCU per international $);PA.NUS.PRVT.PP.05;sep-19;201909;1.46460500
Benin;BEN;2005 PPP conversion factor, GDP (LCU per international $);PA.NUS.PPP.05;sep-19;201909;219.58470369
Benin;BEN;2005 PPP conversion factor, private consumption (LCU per international $);PA.NUS.PRVT.PP.05;sep-19;201909;275.18876754
Bermuda;BMU;2005 PPP conversion factor, GDP (LCU per international $);PA.NUS.PPP.05;sep-19;201909;..
Bermuda;BMU;2005 PPP conversion factor, private consumption (LCU per international $);PA.NUS.PRVT.PP.05;sep-19;201909;..
Bhutan;BTN;2005 PPP conversion factor, GDP (LCU per international $);PA.NUS.PPP.05;sep-19;201909;15.73884830
Bhutan;BTN;2005 PPP conversion factor, private consumption (LCU per international $);PA.NUS.PRVT.PP.05;sep-19;201909;18.46428493
Bolivia;BOL;2005 PPP conversion factor, GDP (LCU per international $);PA.NUS.PPP.05;sep-19;201909;2.23247502
Bolivia;BOL;2005 PPP conversion factor, private consumption (LCU per international $);PA.NUS.PRVT.PP.05;sep-19;201909;2.57079533
Bosnia and Herzegovina;BIH;2005 PPP conversion factor, GDP (LCU per international $);PA.NUS.PPP.05;sep-19;201909;0.71816758
Bosnia and Herzegovina;BIH;2005 PPP conversion factor, private consumption (LCU per international $);PA.NUS.PRVT.PP.05;sep-19;201909;0.87043051
Botswana;BWA;2005 PPP conversion factor, GDP (LCU per international $);PA.NUS.PPP.05;sep-19;201909;2.42082422
Botswana;BWA;2005 PPP conversion factor, private consumption (LCU per international $);PA.NUS.PRVT.PP.05;sep-19;201909;3.38444621
Brazil;BRA;2005 PPP conversion factor, GDP (LCU per international $);PA.NUS.PPP.05;sep-19;201909;1.35674303
Brazil;BRA;2005 PPP conversion factor, private consumption (LCU per international $);PA.NUS.PRVT.PP.05;sep-19;201909;1.57131841
British Virgin Islands;VGB;2005 PPP conversion factor, GDP (LCU per international $);PA.NUS.PPP.05;sep-19;201909;..
British Virgin Islands;VGB;2005 PPP conversion factor, private consumption (LCU per international $);PA.NUS.PRVT.PP.05;sep-19;201909;..
Brunei;BRN;2005 PPP conversion factor, GDP (LCU per international $);PA.NUS.PPP.05;sep-19;201909;0.90306854
Brunei;BRN;2005 PPP conversion factor, private consumption (LCU per international $);PA.NUS.PRVT.PP.05;sep-19;201909;1.07945436
Bulgaria;BGR;2005 PPP conversion factor, GDP (LCU per international $);PA.NUS.PPP.05;sep-19;201909;0.59907140
Bulgaria;BGR;2005 PPP conversion factor, private consumption (LCU per international $);PA.NUS.PRVT.PP.05;sep-19;201909;0.73442075
Burkina Faso;BFA;2005 PPP conversion factor, GDP (LCU per international $);PA.NUS.PPP.05;sep-19;201909;200.22656907
Burkina Faso;BFA;2005 PPP conversion factor, private consumption (LCU per international $);PA.NUS.PRVT.PP.05;sep-19;201909;242.41742344
Burundi;BDI;2005 PPP conversion factor, GDP (LCU per international $);PA.NUS.PPP.05;sep-19;201909;342.96448293
Burundi;BDI;2005 PPP conversion factor, private consumption (LCU per international $);PA.NUS.PRVT.PP.05;sep-19;201909;447.03586066
Cambodia;KHM;2005 PPP conversion factor, GDP (LCU per international $);PA.NUS.PPP.05;sep-19;201909;1278.55159093
Cambodia;KHM;2005 PPP conversion factor, private consumption (LCU per international $);PA.NUS.PRVT.PP.05;sep-19;201909;1615.29847185
Cameroon;CMR;2005 PPP conversion factor, GDP (LCU per international $);PA.NUS.PPP.05;sep-19;201909;251.01530289
Cameroon;CMR;2005 PPP conversion factor, private consumption (LCU per international $);PA.NUS.PRVT.PP.05;sep-19;201909;294.49687293
Canada;CAN;2005 PPP conversion factor, GDP (LCU per international $);PA.NUS.PPP.05;sep-19;201909;1.21364403
Canada;CAN;2005 PPP conversion factor, private consumption (LCU per international $);PA.NUS.PRVT.PP.05;sep-19;201909;1.25999335
Cape Verde;CPV;2005 PPP conversion factor, GDP (LCU per international $);PA.NUS.PPP.05;sep-19;201909;69.36029750
Cape Verde;CPV;2005 PPP conversion factor, private consumption (LCU per international $);PA.NUS.PRVT.PP.05;sep-19;201909;78.17460938
Caribbean small states;CSS;2005 PPP conversion factor, GDP (LCU per international $);PA.NUS.PPP.05;sep-19;201909;..
Caribbean small states;CSS;2005 PPP conversion factor, private consumption (LCU per international $);PA.NUS.PRVT.PP.05;sep-19;201909;..
Cayman Islands;CYM;2005 PPP conversion factor, GDP (LCU per international $);PA.NUS.PPP.05;sep-19;201909;..
Cayman Islands;CYM;2005 PPP conversion factor, private consumption (LCU per international $);PA.NUS.PRVT.PP.05;sep-19;201909;..
Central African Republic;CAF;2005 PPP conversion factor, GDP (LCU per international $);PA.NUS.PPP.05;sep-19;201909;263.74024413
Central African Republic;CAF;2005 PPP conversion factor, private consumption (LCU per international $);PA.NUS.PRVT.PP.05;sep-19;201909;307.46550447
Central Europe and the Baltics;CEB;2005 PPP conversion factor, GDP (LCU per international $);PA.NUS.PPP.05;sep-19;201909;..
Central Europe and the Baltics;CEB;2005 PPP conversion factor, private consumption (LCU per international $);PA.NUS.PRVT.PP.05;sep-19;201909;..
Chad;TCD;2005 PPP conversion factor, GDP (LCU per international $);PA.NUS.PPP.05;sep-19;201909;207.99982963
Chad;TCD;2005 PPP conversion factor, private consumption (LCU per international $);PA.NUS.PRVT.PP.05;sep-19;201909;327.56771587
Channel Islands;CHI;2005 PPP conversion factor, GDP (LCU per international $);PA.NUS.PPP.05;sep-19;201909;..
Channel Islands;CHI;2005 PPP conversion factor, private consumption (LCU per international $);PA.NUS.PRVT.PP.05;sep-19;201909;..
Chile;CHL;2005 PPP conversion factor, GDP (LCU per international $);PA.NUS.PPP.05;sep-19;201909;333.69000000
Chile;CHL;2005 PPP conversion factor, private consumption (LCU per international $);PA.NUS.PRVT.PP.05;sep-19;201909;387.36000000
China;CHN;2005 PPP conversion factor, GDP (LCU per international $);PA.NUS.PPP.05;sep-19;201909;3.44758984
China;CHN;2005 PPP conversion factor, private consumption (LCU per international $);PA.NUS.PRVT.PP.05;sep-19;201909;4.08685503
China and India;CNI;2005 PPP conversion factor, GDP (LCU per international $);PA.NUS.PPP.05;sep-19;201909;..
China and India;CNI;2005 PPP conversion factor, private consumption (LCU per international $);PA.NUS.PRVT.PP.05;sep-19;201909;..
Colombia;COL;2005 PPP conversion factor, GDP (LCU per international $);PA.NUS.PPP.05;sep-19;201909;1081.94811612
Colombia;COL;2005 PPP conversion factor, private consumption (LCU per international $);PA.NUS.PRVT.PP.05;sep-19;201909;1191.74219575
Comoros;COM;2005 PPP conversion factor, GDP (LCU per international $);PA.NUS.PPP.05;sep-19;201909;226.19453898
Comoros;COM;2005 PPP conversion factor, private consumption (LCU per international $);PA.NUS.PRVT.PP.05;sep-19;201909;294.41084795
Congo;COG;2005 PPP conversion factor, GDP (LCU per international $);PA.NUS.PPP.05;sep-19;201909;268.76021076
Congo;COG;2005 PPP conversion factor, private consumption (LCU per international $);PA.NUS.PRVT.PP.05;sep-19;201909;375.57070537
Congo, Dem. Rep.;COD;2005 PPP conversion factor, GDP (LCU per international $);PA.NUS.PPP.05;sep-19;201909;214.26694376
Congo, Dem. Rep.;COD;2005 PPP conversion factor, private consumption (LCU per international $);PA.NUS.PRVT.PP.05;sep-19;201909;316.23244494
Costa Rica;CRI;2005 PPP conversion factor, GDP (LCU per international $);PA.NUS.PPP.05;sep-19;201909;244.81690000
Costa Rica;CRI;2005 PPP conversion factor, private consumption (LCU per international $);PA.NUS.PRVT.PP.05;sep-19;201909;278.96140000
Cote d'Ivoire;CIV;2005 PPP conversion factor, GDP (LCU per international $);PA.NUS.PPP.05;sep-19;201909;287.48532537
Cote d'Ivoire;CIV;2005 PPP conversion factor, private consumption (LCU per international $);PA.NUS.PRVT.PP.05;sep-19;201909;325.80881294
Croatia;HRV;2005 PPP conversion factor, GDP (LCU per international $);PA.NUS.PPP.05;sep-19;201909;3.91533740
Croatia;HRV;2005 PPP conversion factor, private consumption (LCU per international $);PA.NUS.PRVT.PP.05;sep-19;201909;4.41764062
Cuba;CUB;2005 PPP conversion factor, GDP (LCU per international $);PA.NUS.PPP.05;sep-19;201909;..
Cuba;CUB;2005 PPP conversion factor, private consumption (LCU per international $);PA.NUS.PRVT.PP.05;sep-19;201909;..
Curacao;CUW;2005 PPP conversion factor, GDP (LCU per international $);PA.NUS.PPP.05;sep-19;201909;..
Curacao;CUW;2005 PPP conversion factor, private consumption (LCU per international $);PA.NUS.PRVT.PP.05;sep-19;201909;..
Cyprus;CYP;2005 PPP conversion factor, GDP (LCU per international $);PA.NUS.PPP.05;sep-19;201909;0.72783374
Cyprus;CYP;2005 PPP conversion factor, private consumption (LCU per international $);PA.NUS.PRVT.PP.05;sep-19;201909;0.77335064
Czech Republic;CZE;2005 PPP conversion factor, GDP (LCU per international $);PA.NUS.PPP.05;sep-19;201909;14.31623626
Czech Republic;CZE;2005 PPP conversion factor, private consumption (LCU per international $);PA.NUS.PRVT.PP.05;sep-19;201909;15.03565935
Czechoslovakia;CSK;2005 PPP conversion factor, GDP (LCU per international $);PA.NUS.PPP.05;sep-19;201909;..
Czechoslovakia;CSK;2005 PPP conversion factor, private consumption (LCU per international $);PA.NUS.PRVT.PP.05;sep-19;201909;..
Dem. People's Rep. Korea;PRK;2005 PPP conversion factor, GDP (LCU per international $);PA.NUS.PPP.05;sep-19;201909;..
Dem. People's Rep. Korea;PRK;2005 PPP conversion factor, private consumption (LCU per international $);PA.NUS.PRVT.PP.05;sep-19;201909;..
Denmark;DNK;2005 PPP conversion factor, GDP (LCU per international $);PA.NUS.PPP.05;sep-19;201909;8.59008256
Denmark;DNK;2005 PPP conversion factor, private consumption (LCU per international $);PA.NUS.PRVT.PP.05;sep-19;201909;9.08372330
Djibouti;DJI;2005 PPP conversion factor, GDP (LCU per international $);PA.NUS.PPP.05;sep-19;201909;84.68501744
Djibouti;DJI;2005 PPP conversion factor, private consumption (LCU per international $);PA.NUS.PRVT.PP.05;sep-19;201909;107.80657948
Dominica;DMA;2005 PPP conversion factor, GDP (LCU per international $);PA.NUS.PPP.05;sep-19;201909;1.55750900
Dominica;DMA;2005 PPP conversion factor, private consumption (LCU per international $);PA.NUS.PRVT.PP.05;sep-19;201909;1.79059000
Dominican Republic;DOM;2005 PPP conversion factor, GDP (LCU per international $);PA.NUS.PPP.05;sep-19;201909;17.25616000
Dominican Republic;DOM;2005 PPP conversion factor, private consumption (LCU per international $);PA.NUS.PRVT.PP.05;sep-19;201909;20.39608000
Early-demographic dividend;EAR;2005 PPP conversion factor, GDP (LCU per international $);PA.NUS.PPP.05;sep-19;201909;..
Early-demographic dividend;EAR;2005 PPP conversion factor, private consumption (LCU per international $);PA.NUS.PRVT.PP.05;sep-19;201909;..
East Asia & Pacific;EAP;2005 PPP conversion factor, GDP (LCU per international $);PA.NUS.PPP.05;sep-19;201909;..
East Asia & Pacific;EAP;2005 PPP conversion factor, private consumption (LCU per international $);PA.NUS.PRVT.PP.05;sep-19;201909;..
East Asia & Pacific (all income levels);EAS;2005 PPP conversion factor, GDP (LCU per international $);PA.NUS.PPP.05;sep-19;201909;..
East Asia & Pacific (all income levels);EAS;2005 PPP conversion factor, private consumption (LCU per international $);PA.NUS.PRVT.PP.05;sep-19;201909;..
East Asia & Pacific (IDA & IBRD);TEA;2005 PPP conversion factor, GDP (LCU per international $);PA.NUS.PPP.05;sep-19;201909;..
East Asia & Pacific (IDA & IBRD);TEA;2005 PPP conversion factor, private consumption (LCU per international $);PA.NUS.PRVT.PP.05;sep-19;201909;..
East Asia and the Pacific (IFC classification);CEA;2005 PPP conversion factor, GDP (LCU per international $);PA.NUS.PPP.05;sep-19;201909;..
East Asia and the Pacific (IFC classification);CEA;2005 PPP conversion factor, private consumption (LCU per international $);PA.NUS.PRVT.PP.05;sep-19;201909;..
EASTERN EUROPE;EER;2005 PPP conversion factor, GDP (LCU per international $);PA.NUS.PPP.05;sep-19;201909;..
EASTERN EUROPE;EER;2005 PPP conversion factor, private consumption (LCU per international $);PA.NUS.PRVT.PP.05;sep-19;201909;..
Ecuador;ECU;2005 PPP conversion factor, GDP (LCU per international $);PA.NUS.PPP.05;sep-19;201909;0.42262771
Ecuador;ECU;2005 PPP conversion factor, private consumption (LCU per international $);PA.NUS.PRVT.PP.05;sep-19;201909;0.50084672
Egypt;EGY;2005 PPP conversion factor, GDP (LCU per international $);PA.NUS.PPP.05;sep-19;201909;1.61605715
Egypt;EGY;2005 PPP conversion factor, private consumption (LCU per international $);PA.NUS.PRVT.PP.05;sep-19;201909;2.02239188
El Salvador;SLV;2005 PPP conversion factor, GDP (LCU per international $);PA.NUS.PPP.05;sep-19;201909;0.49545580
El Salvador;SLV;2005 PPP conversion factor, private consumption (LCU per international $);PA.NUS.PRVT.PP.05;sep-19;201909;0.54998140
Equatorial Guinea;GNQ;2005 PPP conversion factor, GDP (LCU per international $);PA.NUS.PPP.05;sep-19;201909;287.42310553
Equatorial Guinea;GNQ;2005 PPP conversion factor, private consumption (LCU per international $);PA.NUS.PRVT.PP.05;sep-19;201909;436.28517425
Eritrea;ERI;2005 PPP conversion factor, GDP (LCU per international $);PA.NUS.PPP.05;sep-19;201909;6.31197500
Eritrea;ERI;2005 PPP conversion factor, private consumption (LCU per international $);PA.NUS.PRVT.PP.05;sep-19;201909;6.73398500
Estonia;EST;2005 PPP conversion factor, GDP (LCU per international $);PA.NUS.PPP.05;sep-19;201909;0.50198247
Estonia;EST;2005 PPP conversion factor, private consumption (LCU per international $);PA.NUS.PRVT.PP.05;sep-19;201909;0.56154588
Ethiopia;ETH;2005 PPP conversion factor, GDP (LCU per international $);PA.NUS.PPP.05;sep-19;201909;2.25401570
Ethiopia;ETH;2005 PPP conversion factor, private consumption (LCU per international $);PA.NUS.PRVT.PP.05;sep-19;201909;2.75126046
Euro area;EMU;2005 PPP conversion factor, GDP (LCU per international $);PA.NUS.PPP.05;sep-19;201909;..
Euro area;EMU;2005 PPP conversion factor, private consumption (LCU per international $);PA.NUS.PRVT.PP.05;sep-19;201909;..
Europe & Central Asia;ECA;2005 PPP conversion factor, GDP (LCU per international $);PA.NUS.PPP.05;sep-19;201909;..
Europe & Central Asia;ECA;2005 PPP conversion factor, private consumption (LCU per international $);PA.NUS.PRVT.PP.05;sep-19;201909;..
Europe & Central Asia (all income levels);ECS;2005 PPP conversion factor, GDP (LCU per international $);PA.NUS.PPP.05;sep-19;201909;..
Europe & Central Asia (all income levels);ECS;2005 PPP conversion factor, private consumption (LCU per international $);PA.NUS.PRVT.PP.05;sep-19;201909;..
Europe & Central Asia (IDA & IBRD);TEC;2005 PPP conversion factor, GDP (LCU per international $);PA.NUS.PPP.05;sep-19;201909;..
Europe & Central Asia (IDA & IBRD);TEC;2005 PPP conversion factor, private consumption (LCU per international $);PA.NUS.PRVT.PP.05;sep-19;201909;..
Europe and Central Asia (IFC classification);CEU;2005 PPP conversion factor, GDP (LCU per international $);PA.NUS.PPP.05;sep-19;201909;..
Europe and Central Asia (IFC classification);CEU;2005 PPP conversion factor, private consumption (LCU per international $);PA.NUS.PRVT.PP.05;sep-19;201909;..
European Community;EEC;2005 PPP conversion factor, GDP (LCU per international $);PA.NUS.PPP.05;sep-19;201909;..
European Community;EEC;2005 PPP conversion factor, private consumption (LCU per international $);PA.NUS.PRVT.PP.05;sep-19;201909;..
European Union;EUU;2005 PPP conversion factor, GDP (LCU per international $);PA.NUS.PPP.05;sep-19;201909;..
European Union;EUU;2005 PPP conversion factor, private consumption (LCU per international $);PA.NUS.PRVT.PP.05;sep-19;201909;..
Faeroe Islands;FRO;2005 PPP conversion factor, GDP (LCU per international $);PA.NUS.PPP.05;sep-19;201909;..
Faeroe Islands;FRO;2005 PPP conversion factor, private consumption (LCU per international $);PA.NUS.PRVT.PP.05;sep-19;201909;..
Fiji;FJI;2005 PPP conversion factor, GDP (LCU per international $);PA.NUS.PPP.05;sep-19;201909;1.42974299
Fiji;FJI;2005 PPP conversion factor, private consumption (LCU per international $);PA.NUS.PRVT.PP.05;sep-19;201909;1.54813376
Finland;FIN;2005 PPP conversion factor, GDP (LCU per international $);PA.NUS.PPP.05;sep-19;201909;0.97723213
Finland;FIN;2005 PPP conversion factor, private consumption (LCU per international $);PA.NUS.PRVT.PP.05;sep-19;201909;1.07344676
Fragile and conflict affected situations;FCS;2005 PPP conversion factor, GDP (LCU per international $);PA.NUS.PPP.05;sep-19;201909;..
Fragile and conflict affected situations;FCS;2005 PPP conversion factor, private consumption (LCU per international $);PA.NUS.PRVT.PP.05;sep-19;201909;..
France;FRA;2005 PPP conversion factor, GDP (LCU per international $);PA.NUS.PPP.05;sep-19;201909;0.92333379
France;FRA;2005 PPP conversion factor, private consumption (LCU per international $);PA.NUS.PRVT.PP.05;sep-19;201909;0.93969688
French Guiana;GUF;2005 PPP conversion factor, GDP (LCU per international $);PA.NUS.PPP.05;sep-19;201909;..
French Guiana;GUF;2005 PPP conversion factor, private consumption (LCU per international $);PA.NUS.PRVT.PP.05;sep-19;201909;..
French Polynesia;PYF;2005 PPP conversion factor, GDP (LCU per international $);PA.NUS.PPP.05;sep-19;201909;..
French Polynesia;PYF;2005 PPP conversion factor, private consumption (LCU per international $);PA.NUS.PRVT.PP.05;sep-19;201909;..
Gabon;GAB;2005 PPP conversion factor, GDP (LCU per international $);PA.NUS.PPP.05;sep-19;201909;256.23031006
Gabon;GAB;2005 PPP conversion factor, private consumption (LCU per international $);PA.NUS.PRVT.PP.05;sep-19;201909;443.74929750
Gambia, The;GMB;2005 PPP conversion factor, GDP (LCU per international $);PA.NUS.PPP.05;sep-19;201909;7.56035906
Gambia, The;GMB;2005 PPP conversion factor, private consumption (LCU per international $);PA.NUS.PRVT.PP.05;sep-19;201909;10.34434461
Georgia;GEO;2005 PPP conversion factor, GDP (LCU per international $);PA.NUS.PPP.05;sep-19;201909;0.73798943
Georgia;GEO;2005 PPP conversion factor, private consumption (LCU per international $);PA.NUS.PRVT.PP.05;sep-19;201909;0.78454581
Germany;DEU;2005 PPP conversion factor, GDP (LCU per international $);PA.NUS.PPP.05;sep-19;201909;0.86687541
Germany;DEU;2005 PPP conversion factor, private consumption (LCU per international $);PA.NUS.PRVT.PP.05;sep-19;201909;0.89691069
Ghana;GHA;2005 PPP conversion factor, GDP (LCU per international $);PA.NUS.PPP.05;sep-19;201909;0.37205947
Ghana;GHA;2005 PPP conversion factor, private consumption (LCU per international $);PA.NUS.PRVT.PP.05;sep-19;201909;0.44758220
Gibraltar;GIB;2005 PPP conversion factor, GDP (LCU per international $);PA.NUS.PPP.05;sep-19;201909;..
Gibraltar;GIB;2005 PPP conversion factor, private consumption (LCU per international $);PA.NUS.PRVT.PP.05;sep-19;201909;..
Greece;GRC;2005 PPP conversion factor, GDP (LCU per international $);PA.NUS.PPP.05;sep-19;201909;0.71403664
Greece;GRC;2005 PPP conversion factor, private consumption (LCU per international $);PA.NUS.PRVT.PP.05;sep-19;201909;0.76645595
Greenland;GRL;2005 PPP conversion factor, GDP (LCU per international $);PA.NUS.PPP.05;sep-19;201909;..
Greenland;GRL;2005 PPP conversion factor, private consumption (LCU per international $);PA.NUS.PRVT.PP.05;sep-19;201909;..
Grenada;GRD;2005 PPP conversion factor, GDP (LCU per international $);PA.NUS.PPP.05;sep-19;201909;1.82713600
Grenada;GRD;2005 PPP conversion factor, private consumption (LCU per international $);PA.NUS.PRVT.PP.05;sep-19;201909;2.04294600
Guadeloupe;GLP;2005 PPP conversion factor, GDP (LCU per international $);PA.NUS.PPP.05;sep-19;201909;..
Guadeloupe;GLP;2005 PPP conversion factor, private consumption (LCU per international $);PA.NUS.PRVT.PP.05;sep-19;201909;..
Guam;GUM;2005 PPP conversion factor, GDP (LCU per international $);PA.NUS.PPP.05;sep-19;201909;..
Guam;GUM;2005 PPP conversion factor, private consumption (LCU per international $);PA.NUS.PRVT.PP.05;sep-19;201909;..
Guatemala;GTM;2005 PPP conversion factor, GDP (LCU per international $);PA.NUS.PPP.05;sep-19;201909;4.02171500
Guatemala;GTM;2005 PPP conversion factor, private consumption (LCU per international $);PA.NUS.PRVT.PP.05;sep-19;201909;4.54033300
Guinea;GIN;2005 PPP conversion factor, GDP (LCU per international $);PA.NUS.PPP.05;sep-19;201909;1219.34840136
Guinea;GIN;2005 PPP conversion factor, private consumption (LCU per international $);PA.NUS.PRVT.PP.05;sep-19;201909;1479.56558427
Guinea-Bissau;GNB;2005 PPP conversion factor, GDP (LCU per international $);PA.NUS.PPP.05;sep-19;201909;217.30034706
Guinea-Bissau;GNB;2005 PPP conversion factor, private consumption (LCU per international $);PA.NUS.PRVT.PP.05;sep-19;201909;284.27583017
Guyana;GUY;2005 PPP conversion factor, GDP (LCU per international $);PA.NUS.PPP.05;sep-19;201909;87.10828000
Guyana;GUY;2005 PPP conversion factor, private consumption (LCU per international $);PA.NUS.PRVT.PP.05;sep-19;201909;105.17290000
Haiti;HTI;2005 PPP conversion factor, GDP (LCU per international $);PA.NUS.PPP.05;sep-19;201909;17.56876000
Haiti;HTI;2005 PPP conversion factor, private consumption (LCU per international $);PA.NUS.PRVT.PP.05;sep-19;201909;19.36539000
Heavily indebted poor countries (HIPC);HPC;2005 PPP conversion factor, GDP (LCU per international $);PA.NUS.PPP.05;sep-19;201909;..
Heavily indebted poor countries (HIPC);HPC;2005 PPP conversion factor, private consumption (LCU per international $);PA.NUS.PRVT.PP.05;sep-19;201909;..
High income;HIC;2005 PPP conversion factor, GDP (LCU per international $);PA.NUS.PPP.05;sep-19;201909;..
High income;HIC;2005 PPP conversion factor, private consumption (LCU per international $);PA.NUS.PRVT.PP.05;sep-19;201909;..
High income: nonOECD;NOC;2005 PPP conversion factor, GDP (LCU per international $);PA.NUS.PPP.05;sep-19;201909;..
High income: nonOECD;NOC;2005 PPP conversion factor, private consumption (LCU per international $);PA.NUS.PRVT.PP.05;sep-19;201909;..
High income: OECD;OEC;2005 PPP conversion factor, GDP (LCU per international $);PA.NUS.PPP.05;sep-19;201909;..
High income: OECD;OEC;2005 PPP conversion factor, private consumption (LCU per international $);PA.NUS.PRVT.PP.05;sep-19;201909;..
Honduras;HND;2005 PPP conversion factor, GDP (LCU per international $);PA.NUS.PPP.05;sep-19;201909;8.15128300
Honduras;HND;2005 PPP conversion factor, private consumption (LCU per international $);PA.NUS.PRVT.PP.05;sep-19;201909;9.66210400
Hong Kong SAR, China;HKG;2005 PPP conversion factor, GDP (LCU per international $);PA.NUS.PPP.05;sep-19;201909;5.68777967
Hong Kong SAR, China;HKG;2005 PPP conversion factor, private consumption (LCU per international $);PA.NUS.PRVT.PP.05;sep-19;201909;7.23605054
Hungary;HUN;2005 PPP conversion factor, GDP (LCU per international $);PA.NUS.PPP.05;sep-19;201909;128.59382340
Hungary;HUN;2005 PPP conversion factor, private consumption (LCU per international $);PA.NUS.PRVT.PP.05;sep-19;201909;136.47516170
IBRD only;IBD;2005 PPP conversion factor, GDP (LCU per international $);PA.NUS.PPP.05;sep-19;201909;..
IBRD only;IBD;2005 PPP conversion factor, private consumption (LCU per international $);PA.NUS.PRVT.PP.05;sep-19;201909;..
Iceland;ISL;2005 PPP conversion factor, GDP (LCU per international $);PA.NUS.PPP.05;sep-19;201909;99.07846257
Iceland;ISL;2005 PPP conversion factor, private consumption (LCU per international $);PA.NUS.PRVT.PP.05;sep-19;201909;104.18333680
IDA & IBRD total;IBT;2005 PPP conversion factor, GDP (LCU per international $);PA.NUS.PPP.05;sep-19;201909;..
IDA & IBRD total;IBT;2005 PPP conversion factor, private consumption (LCU per international $);PA.NUS.PRVT.PP.05;sep-19;201909;..
IDA blend;IDB;2005 PPP conversion factor, GDP (LCU per international $);PA.NUS.PPP.05;sep-19;201909;..
IDA blend;IDB;2005 PPP conversion factor, private consumption (LCU per international $);PA.NUS.PRVT.PP.05;sep-19;201909;..
IDA only;IDX;2005 PPP conversion factor, GDP (LCU per international $);PA.NUS.PPP.05;sep-19;201909;..
IDA only;IDX;2005 PPP conversion factor, private consumption (LCU per international $);PA.NUS.PRVT.PP.05;sep-19;201909;..
IDA total;IDA;2005 PPP conversion factor, GDP (LCU per international $);PA.NUS.PPP.05;sep-19;201909;..
IDA total;IDA;2005 PPP conversion factor, private consumption (LCU per international $);PA.NUS.PRVT.PP.05;sep-19;201909;..
India;IND;2005 PPP conversion factor, GDP (LCU per international $);PA.NUS.PPP.05;sep-19;201909;14.66854168
India;IND;2005 PPP conversion factor, private consumption (LCU per international $);PA.NUS.PRVT.PP.05;sep-19;201909;15.60153979
Indonesia;IDN;2005 PPP conversion factor, GDP (LCU per international $);PA.NUS.PPP.05;sep-19;201909;3934.26355440
Indonesia;IDN;2005 PPP conversion factor, private consumption (LCU per international $);PA.NUS.PRVT.PP.05;sep-19;201909;4192.82541934
Iran;IRN;2005 PPP conversion factor, GDP (LCU per international $);PA.NUS.PPP.05;sep-19;201909;2674.75507565
Iran;IRN;2005 PPP conversion factor, private consumption (LCU per international $);PA.NUS.PRVT.PP.05;sep-19;201909;2714.82268120
Iraq;IRQ;2005 PPP conversion factor, GDP (LCU per international $);PA.NUS.PPP.05;sep-19;201909;558.70072593
Iraq;IRQ;2005 PPP conversion factor, private consumption (LCU per international $);PA.NUS.PRVT.PP.05;sep-19;201909;639.86588771
Ireland;IRL;2005 PPP conversion factor, GDP (LCU per international $);PA.NUS.PPP.05;sep-19;201909;1.01023374
Ireland;IRL;2005 PPP conversion factor, private consumption (LCU per international $);PA.NUS.PRVT.PP.05;sep-19;201909;1.07208417
Isle of Man;IMN;2005 PPP conversion factor, GDP (LCU per international $);PA.NUS.PPP.05;sep-19;201909;..
Isle of Man;IMN;2005 PPP conversion factor, private consumption (LCU per international $);PA.NUS.PRVT.PP.05;sep-19;201909;..
Israel;ISR;2005 PPP conversion factor, GDP (LCU per international $);PA.NUS.PPP.05;sep-19;201909;3.71693745
Israel;ISR;2005 PPP conversion factor, private consumption (LCU per international $);PA.NUS.PRVT.PP.05;sep-19;201909;4.07074883
Italy;ITA;2005 PPP conversion factor, GDP (LCU per international $);PA.NUS.PPP.05;sep-19;201909;0.86664645
Italy;ITA;2005 PPP conversion factor, private consumption (LCU per international $);PA.NUS.PRVT.PP.05;sep-19;201909;0.90935680
Jamaica;JAM;2005 PPP conversion factor, GDP (LCU per international $);PA.NUS.PPP.05;sep-19;201909;37.28952000
Jamaica;JAM;2005 PPP conversion factor, private consumption (LCU per international $);PA.NUS.PRVT.PP.05;sep-19;201909;43.36160000
Japan;JPN;2005 PPP conversion factor, GDP (LCU per international $);PA.NUS.PPP.05;sep-19;201909;129.55195480
Japan;JPN;2005 PPP conversion factor, private consumption (LCU per international $);PA.NUS.PRVT.PP.05;sep-19;201909;142.93631870
Jordan;JOR;2005 PPP conversion factor, GDP (LCU per international $);PA.NUS.PPP.05;sep-19;201909;0.38051476
Jordan;JOR;2005 PPP conversion factor, private consumption (LCU per international $);PA.NUS.PRVT.PP.05;sep-19;201909;0.49294881
Kazakhstan;KAZ;2005 PPP conversion factor, GDP (LCU per international $);PA.NUS.PPP.05;sep-19;201909;57.60683961
Kazakhstan;KAZ;2005 PPP conversion factor, private consumption (LCU per international $);PA.NUS.PRVT.PP.05;sep-19;201909;64.96416162
Kenya;KEN;2005 PPP conversion factor, GDP (LCU per international $);PA.NUS.PPP.05;sep-19;201909;29.52417836
Kenya;KEN;2005 PPP conversion factor, private consumption (LCU per international $);PA.NUS.PRVT.PP.05;sep-19;201909;32.68374657
Kiribati;KIR;2005 PPP conversion factor, GDP (LCU per international $);PA.NUS.PPP.05;sep-19;201909;0.66227270
Kiribati;KIR;2005 PPP conversion factor, private consumption (LCU per international $);PA.NUS.PRVT.PP.05;sep-19;201909;0.67802360
Korea;KOR;2005 PPP conversion factor, GDP (LCU per international $);PA.NUS.PPP.05;sep-19;201909;788.92013480
Korea;KOR;2005 PPP conversion factor, private consumption (LCU per international $);PA.NUS.PRVT.PP.05;sep-19;201909;879.36548510
Kosovo;XKX;2005 PPP conversion factor, GDP (LCU per international $);PA.NUS.PPP.05;sep-19;201909;..
Kosovo;XKX;2005 PPP conversion factor, private consumption (LCU per international $);PA.NUS.PRVT.PP.05;sep-19;201909;..
Kuwait;KWT;2005 PPP conversion factor, GDP (LCU per international $);PA.NUS.PPP.05;sep-19;201909;0.21361843
Kuwait;KWT;2005 PPP conversion factor, private consumption (LCU per international $);PA.NUS.PRVT.PP.05;sep-19;201909;0.27886971
Kyrgyz Republic;KGZ;2005 PPP conversion factor, GDP (LCU per international $);PA.NUS.PPP.05;sep-19;201909;11.35409050
Kyrgyz Republic;KGZ;2005 PPP conversion factor, private consumption (LCU per international $);PA.NUS.PRVT.PP.05;sep-19;201909;12.99795127
Lao PDR;LAO;2005 PPP conversion factor, GDP (LCU per international $);PA.NUS.PPP.05;sep-19;201909;2988.38498965
Lao PDR;LAO;2005 PPP conversion factor, private consumption (LCU per international $);PA.NUS.PRVT.PP.05;sep-19;201909;3741.61884308
Late-demographic dividend;LTE;2005 PPP conversion factor, GDP (LCU per international $);PA.NUS.PPP.05;sep-19;201909;..
Late-demographic dividend;LTE;2005 PPP conversion factor, private consumption (LCU per international $);PA.NUS.PRVT.PP.05;sep-19;201909;..
Latin America & Caribbean;LAC;2005 PPP conversion factor, GDP (LCU per international $);PA.NUS.PPP.05;sep-19;201909;..
Latin America & Caribbean;LAC;2005 PPP conversion factor, private consumption (LCU per international $);PA.NUS.PRVT.PP.05;sep-19;201909;..
Latin America & Caribbean (all income levels);LCN;2005 PPP conversion factor, GDP (LCU per international $);PA.NUS.PPP.05;sep-19;201909;..
Latin America & Caribbean (all income levels);LCN;2005 PPP conversion factor, private consumption (LCU per international $);PA.NUS.PRVT.PP.05;sep-19;201909;..
Latin America & Caribbean (IDA & IBRD);TLA;2005 PPP conversion factor, GDP (LCU per international $);PA.NUS.PPP.05;sep-19;201909;..
Latin America & Caribbean (IDA & IBRD);TLA;2005 PPP conversion factor, private consumption (LCU per international $);PA.NUS.PRVT.PP.05;sep-19;201909;..
Latin America and the Caribbean (IFC classification);CLA;2005 PPP conversion factor, GDP (LCU per international $);PA.NUS.PPP.05;sep-19;201909;..
Latin America and the Caribbean (IFC classification);CLA;2005 PPP conversion factor, private consumption (LCU per international $);PA.NUS.PRVT.PP.05;sep-19;201909;..
Latvia;LVA;2005 PPP conversion factor, GDP (LCU per international $);PA.NUS.PPP.05;sep-19;201909;0.42966852
Latvia;LVA;2005 PPP conversion factor, private consumption (LCU per international $);PA.NUS.PRVT.PP.05;sep-19;201909;0.49032529
Least developed countries: UN classification;LDC;2005 PPP conversion factor, GDP (LCU per international $);PA.NUS.PPP.05;sep-19;201909;..
Least developed countries: UN classification;LDC;2005 PPP conversion factor, private consumption (LCU per international $);PA.NUS.PRVT.PP.05;sep-19;201909;..
Lebanon;LBN;2005 PPP conversion factor, GDP (LCU per international $);PA.NUS.PPP.05;sep-19;201909;847.51758506
Lebanon;LBN;2005 PPP conversion factor, private consumption (LCU per international $);PA.NUS.PRVT.PP.05;sep-19;201909;1107.12316131
Lesotho;LSO;2005 PPP conversion factor, GDP (LCU per international $);PA.NUS.PPP.05;sep-19;201909;3.49009575
Lesotho;LSO;2005 PPP conversion factor, private consumption (LCU per international $);PA.NUS.PRVT.PP.05;sep-19;201909;3.42683424
Liberia;LBR;2005 PPP conversion factor, GDP (LCU per international $);PA.NUS.PPP.05;sep-19;201909;0.49255315
Liberia;LBR;2005 PPP conversion factor, private consumption (LCU per international $);PA.NUS.PRVT.PP.05;sep-19;201909;0.51114956
Libya;LBY;2005 PPP conversion factor, GDP (LCU per international $);PA.NUS.PPP.05;sep-19;201909;0.73456140
Libya;LBY;2005 PPP conversion factor, private consumption (LCU per international $);PA.NUS.PRVT.PP.05;sep-19;201909;0.84961650
Liechtenstein;LIE;2005 PPP conversion factor, GDP (LCU per international $);PA.NUS.PPP.05;sep-19;201909;..
Liechtenstein;LIE;2005 PPP conversion factor, private consumption (LCU per international $);PA.NUS.PRVT.PP.05;sep-19;201909;..
Lithuania;LTU;2005 PPP conversion factor, GDP (LCU per international $);PA.NUS.PPP.05;sep-19;201909;0.43054384
Lithuania;LTU;2005 PPP conversion factor, private consumption (LCU per international $);PA.NUS.PRVT.PP.05;sep-19;201909;0.47629147
Low & middle income;LMY;2005 PPP conversion factor, GDP (LCU per international $);PA.NUS.PPP.05;sep-19;201909;..
Low & middle income;LMY;2005 PPP conversion factor, private consumption (LCU per international $);PA.NUS.PRVT.PP.05;sep-19;201909;..
Low income;LIC;2005 PPP conversion factor, GDP (LCU per international $);PA.NUS.PPP.05;sep-19;201909;..
Low income;LIC;2005 PPP conversion factor, private consumption (LCU per international $);PA.NUS.PRVT.PP.05;sep-19;201909;..
Low income, excluding China and India;LIX;2005 PPP conversion factor, GDP (LCU per international $);PA.NUS.PPP.05;sep-19;201909;..
Low income, excluding China and India;LIX;2005 PPP conversion factor, private consumption (LCU per international $);PA.NUS.PRVT.PP.05;sep-19;201909;..
Lower middle income;LMC;2005 PPP conversion factor, GDP (LCU per international $);PA.NUS.PPP.05;sep-19;201909;..
Lower middle income;LMC;2005 PPP conversion factor, private consumption (LCU per international $);PA.NUS.PRVT.PP.05;sep-19;201909;..
Low-income Africa;LSA;2005 PPP conversion factor, GDP (LCU per international $);PA.NUS.PPP.05;sep-19;201909;..
Low-income Africa;LSA;2005 PPP conversion factor, private consumption (LCU per international $);PA.NUS.PRVT.PP.05;sep-19;201909;..
Luxembourg;LUX;2005 PPP conversion factor, GDP (LCU per international $);PA.NUS.PPP.05;sep-19;201909;0.95289639
Luxembourg;LUX;2005 PPP conversion factor, private consumption (LCU per international $);PA.NUS.PRVT.PP.05;sep-19;201909;0.96919495
Macao SAR, China;MAC;2005 PPP conversion factor, GDP (LCU per international $);PA.NUS.PPP.05;sep-19;201909;5.26952147
Macao SAR, China;MAC;2005 PPP conversion factor, private consumption (LCU per international $);PA.NUS.PRVT.PP.05;sep-19;201909;6.43049177
Madagascar;MDG;2005 PPP conversion factor, GDP (LCU per international $);PA.NUS.PPP.05;sep-19;201909;649.56813169
Madagascar;MDG;2005 PPP conversion factor, private consumption (LCU per international $);PA.NUS.PRVT.PP.05;sep-19;201909;756.38071888
Malawi;MWI;2005 PPP conversion factor, GDP (LCU per international $);PA.NUS.PPP.05;sep-19;201909;39.45659876
Malawi;MWI;2005 PPP conversion factor, private consumption (LCU per international $);PA.NUS.PRVT.PP.05;sep-19;201909;56.92199245
Malaysia;MYS;2005 PPP conversion factor, GDP (LCU per international $);PA.NUS.PPP.05;sep-19;201909;1.73392101
Malaysia;MYS;2005 PPP conversion factor, private consumption (LCU per international $);PA.NUS.PRVT.PP.05;sep-19;201909;2.11424691
Maldives;MDV;2005 PPP conversion factor, GDP (LCU per international $);PA.NUS.PPP.05;sep-19;201909;8.13373138
Maldives;MDV;2005 PPP conversion factor, private consumption (LCU per international $);PA.NUS.PRVT.PP.05;sep-19;201909;9.73725345
Mali;MLI;2005 PPP conversion factor, GDP (LCU per international $);PA.NUS.PPP.05;sep-19;201909;240.09235946
Mali;MLI;2005 PPP conversion factor, private consumption (LCU per international $);PA.NUS.PRVT.PP.05;sep-19;201909;289.67867576
Malta;MLT;2005 PPP conversion factor, GDP (LCU per international $);PA.NUS.PPP.05;sep-19;201909;0.56752577
Malta;MLT;2005 PPP conversion factor, private consumption (LCU per international $);PA.NUS.PRVT.PP.05;sep-19;201909;0.63465085
Marshall Islands;MHL;2005 PPP conversion factor, GDP (LCU per international $);PA.NUS.PPP.05;sep-19;201909;..
Marshall Islands;MHL;2005 PPP conversion factor, private consumption (LCU per international $);PA.NUS.PRVT.PP.05;sep-19;201909;..
Martinique;MTQ;2005 PPP conversion factor, GDP (LCU per international $);PA.NUS.PPP.05;sep-19;201909;..
Martinique;MTQ;2005 PPP conversion factor, private consumption (LCU per international $);PA.NUS.PRVT.PP.05;sep-19;201909;..
Mauritania;MRT;2005 PPP conversion factor, GDP (LCU per international $);PA.NUS.PPP.05;sep-19;201909;98.83950107
Mauritania;MRT;2005 PPP conversion factor, private consumption (LCU per international $);PA.NUS.PRVT.PP.05;sep-19;201909;125.66575828
Mauritius;MUS;2005 PPP conversion factor, GDP (LCU per international $);PA.NUS.PPP.05;sep-19;201909;14.67715916
Mauritius;MUS;2005 PPP conversion factor, private consumption (LCU per international $);PA.NUS.PRVT.PP.05;sep-19;201909;17.72501664
Mayotte;MYT;2005 PPP conversion factor, GDP (LCU per international $);PA.NUS.PPP.05;sep-19;201909;..
Mayotte;MYT;2005 PPP conversion factor, private consumption (LCU per international $);PA.NUS.PRVT.PP.05;sep-19;201909;..
Mexico;MEX;2005 PPP conversion factor, GDP (LCU per international $);PA.NUS.PPP.05;sep-19;201909;7.12686171
Mexico;MEX;2005 PPP conversion factor, private consumption (LCU per international $);PA.NUS.PRVT.PP.05;sep-19;201909;7.64833139
Micronesia;FSM;2005 PPP conversion factor, GDP (LCU per international $);PA.NUS.PPP.05;sep-19;201909;0.74827440
Micronesia;FSM;2005 PPP conversion factor, private consumption (LCU per international $);PA.NUS.PRVT.PP.05;sep-19;201909;0.65816870
Middle East & North Africa;MNA;2005 PPP conversion factor, GDP (LCU per international $);PA.NUS.PPP.05;sep-19;201909;..
Middle East & North Africa;MNA;2005 PPP conversion factor, private consumption (LCU per international $);PA.NUS.PRVT.PP.05;sep-19;201909;..
Middle East & North Africa (all income levels);MEA;2005 PPP conversion factor, GDP (LCU per international $);PA.NUS.PPP.05;sep-19;201909;..
Middle East & North Africa (all income levels);MEA;2005 PPP conversion factor, private consumption (LCU per international $);PA.NUS.PRVT.PP.05;sep-19;201909;..
Middle East & North Africa (IDA & IBRD);TMN;2005 PPP conversion factor, GDP (LCU per international $);PA.NUS.PPP.05;sep-19;201909;..
Middle East & North Africa (IDA & IBRD);TMN;2005 PPP conversion factor, private consumption (LCU per international $);PA.NUS.PRVT.PP.05;sep-19;201909;..
Middle East (developing only);MDE;2005 PPP conversion factor, GDP (LCU per international $);PA.NUS.PPP.05;sep-19;201909;..
Middle East (developing only);MDE;2005 PPP conversion factor, private consumption (LCU per international $);PA.NUS.PRVT.PP.05;sep-19;201909;..
Middle East and North Africa (IFC classification);CME;2005 PPP conversion factor, GDP (LCU per international $);PA.NUS.PPP.05;sep-19;201909;..
Middle East and North Africa (IFC classification);CME;2005 PPP conversion factor, private consumption (LCU per international $);PA.NUS.PRVT.PP.05;sep-19;201909;..
Middle income;MIC;2005 PPP conversion factor, GDP (LCU per international $);PA.NUS.PPP.05;sep-19;201909;..
Middle income;MIC;2005 PPP conversion factor, private consumption (LCU per international $);PA.NUS.PRVT.PP.05;sep-19;201909;..
Moldova;MDA;2005 PPP conversion factor, GDP (LCU per international $);PA.NUS.PPP.05;sep-19;201909;4.43399122
Moldova;MDA;2005 PPP conversion factor, private consumption (LCU per international $);PA.NUS.PRVT.PP.05;sep-19;201909;4.82716214
Monaco;MCO;2005 PPP conversion factor, GDP (LCU per international $);PA.NUS.PPP.05;sep-19;201909;..
Monaco;MCO;2005 PPP conversion factor, private consumption (LCU per international $);PA.NUS.PRVT.PP.05;sep-19;201909;..
Mongolia;MNG;2005 PPP conversion factor, GDP (LCU per international $);PA.NUS.PPP.05;sep-19;201909;417.22150873
Mongolia;MNG;2005 PPP conversion factor, private consumption (LCU per international $);PA.NUS.PRVT.PP.05;sep-19;201909;522.49285167
Montenegro;MNE;2005 PPP conversion factor, GDP (LCU per international $);PA.NUS.PPP.05;sep-19;201909;0.35151766
Montenegro;MNE;2005 PPP conversion factor, private consumption (LCU per international $);PA.NUS.PRVT.PP.05;sep-19;201909;0.48183839
Morocco;MAR;2005 PPP conversion factor, GDP (LCU per international $);PA.NUS.PPP.05;sep-19;201909;4.87818364
Morocco;MAR;2005 PPP conversion factor, private consumption (LCU per international $);PA.NUS.PRVT.PP.05;sep-19;201909;5.51087407
Mozambique;MOZ;2005 PPP conversion factor, GDP (LCU per international $);PA.NUS.PPP.05;sep-19;201909;10.90944986
Mozambique;MOZ;2005 PPP conversion factor, private consumption (LCU per international $);PA.NUS.PRVT.PP.05;sep-19;201909;11.62569332
Myanmar;MMR;2005 PPP conversion factor, GDP (LCU per international $);PA.NUS.PPP.05;sep-19;201909;249.69380000
Myanmar;MMR;2005 PPP conversion factor, private consumption (LCU per international $);PA.NUS.PRVT.PP.05;sep-19;201909;266.31730000
Namibia;NAM;2005 PPP conversion factor, GDP (LCU per international $);PA.NUS.PPP.05;sep-19;201909;4.26498478
Namibia;NAM;2005 PPP conversion factor, private consumption (LCU per international $);PA.NUS.PRVT.PP.05;sep-19;201909;5.06395256
Nauru;NRU;2005 PPP conversion factor, GDP (LCU per international $);PA.NUS.PPP.05;sep-19;201909;..
Nauru;NRU;2005 PPP conversion factor, private consumption (LCU per international $);PA.NUS.PRVT.PP.05;sep-19;201909;..
Nepal;NPL;2005 PPP conversion factor, GDP (LCU per international $);PA.NUS.PPP.05;sep-19;201909;22.65068564
Nepal;NPL;2005 PPP conversion factor, private consumption (LCU per international $);PA.NUS.PRVT.PP.05;sep-19;201909;26.46707091
Netherlands;NLD;2005 PPP conversion factor, GDP (LCU per international $);PA.NUS.PPP.05;sep-19;201909;0.89615371
Netherlands;NLD;2005 PPP conversion factor, private consumption (LCU per international $);PA.NUS.PRVT.PP.05;sep-19;201909;0.90900048
Netherlands Antilles;ANT;2005 PPP conversion factor, GDP (LCU per international $);PA.NUS.PPP.05;sep-19;201909;..
Netherlands Antilles;ANT;2005 PPP conversion factor, private consumption (LCU per international $);PA.NUS.PRVT.PP.05;sep-19;201909;..
New Caledonia;NCL;2005 PPP conversion factor, GDP (LCU per international $);PA.NUS.PPP.05;sep-19;201909;..
New Caledonia;NCL;2005 PPP conversion factor, private consumption (LCU per international $);PA.NUS.PRVT.PP.05;sep-19;201909;..
New Zealand;NZL;2005 PPP conversion factor, GDP (LCU per international $);PA.NUS.PPP.05;sep-19;201909;1.53500049
New Zealand;NZL;2005 PPP conversion factor, private consumption (LCU per international $);PA.NUS.PRVT.PP.05;sep-19;201909;1.59862835
Nicaragua;NIC;2005 PPP conversion factor, GDP (LCU per international $);PA.NUS.PPP.05;sep-19;201909;6.43500900
Nicaragua;NIC;2005 PPP conversion factor, private consumption (LCU per international $);PA.NUS.PRVT.PP.05;sep-19;201909;7.29725900
Niger;NER;2005 PPP conversion factor, GDP (LCU per international $);PA.NUS.PPP.05;sep-19;201909;226.66147041
Niger;NER;2005 PPP conversion factor, private consumption (LCU per international $);PA.NUS.PRVT.PP.05;sep-19;201909;267.33094532
Nigeria;NGA;2005 PPP conversion factor, GDP (LCU per international $);PA.NUS.PPP.05;sep-19;201909;60.23216916
Nigeria;NGA;2005 PPP conversion factor, private consumption (LCU per international $);PA.NUS.PRVT.PP.05;sep-19;201909;78.58252858
North America;NAC;2005 PPP conversion factor, GDP (LCU per international $);PA.NUS.PPP.05;sep-19;201909;..
North America;NAC;2005 PPP conversion factor, private consumption (LCU per international $);PA.NUS.PRVT.PP.05;sep-19;201909;..
North Macedonia;MKD;2005 PPP conversion factor, GDP (LCU per international $);PA.NUS.PPP.05;sep-19;201909;18.38914148
North Macedonia;MKD;2005 PPP conversion factor, private consumption (LCU per international $);PA.NUS.PRVT.PP.05;sep-19;201909;23.02589306
Northern Mariana Islands;MNP;2005 PPP conversion factor, GDP (LCU per international $);PA.NUS.PPP.05;sep-19;201909;..
Northern Mariana Islands;MNP;2005 PPP conversion factor, private consumption (LCU per international $);PA.NUS.PRVT.PP.05;sep-19;201909;..
Norway;NOR;2005 PPP conversion factor, GDP (LCU per international $);PA.NUS.PPP.05;sep-19;201909;8.89643334
Norway;NOR;2005 PPP conversion factor, private consumption (LCU per international $);PA.NUS.PRVT.PP.05;sep-19;201909;9.78423503
OECD members;OED;2005 PPP conversion factor, GDP (LCU per international $);PA.NUS.PPP.05;sep-19;201909;..
OECD members;OED;2005 PPP conversion factor, private consumption (LCU per international $);PA.NUS.PRVT.PP.05;sep-19;201909;..
Oman;OMN;2005 PPP conversion factor, GDP (LCU per international $);PA.NUS.PPP.05;sep-19;201909;0.23238476
Oman;OMN;2005 PPP conversion factor, private consumption (LCU per international $);PA.NUS.PRVT.PP.05;sep-19;201909;0.28567148
Other low-income;LIO;2005 PPP conversion factor, GDP (LCU per international $);PA.NUS.PPP.05;sep-19;201909;..
Other low-income;LIO;2005 PPP conversion factor, private consumption (LCU per international $);PA.NUS.PRVT.PP.05;sep-19;201909;..
Other small states;OSS;2005 PPP conversion factor, GDP (LCU per international $);PA.NUS.PPP.05;sep-19;201909;..
Other small states;OSS;2005 PPP conversion factor, private consumption (LCU per international $);PA.NUS.PRVT.PP.05;sep-19;201909;..
Pacific island small states;PSS;2005 PPP conversion factor, GDP (LCU per international $);PA.NUS.PPP.05;sep-19;201909;..
Pacific island small states;PSS;2005 PPP conversion factor, private consumption (LCU per international $);PA.NUS.PRVT.PP.05;sep-19;201909;..
Pakistan;PAK;2005 PPP conversion factor, GDP (LCU per international $);PA.NUS.PPP.05;sep-19;201909;19.10228252
Pakistan;PAK;2005 PPP conversion factor, private consumption (LCU per international $);PA.NUS.PRVT.PP.05;sep-19;201909;20.71189855
Palau;PLW;2005 PPP conversion factor, GDP (LCU per international $);PA.NUS.PPP.05;sep-19;201909;0.56586912
Palau;PLW;2005 PPP conversion factor, private consumption (LCU per international $);PA.NUS.PRVT.PP.05;sep-19;201909;0.67938664
Panama;PAN;2005 PPP conversion factor, GDP (LCU per international $);PA.NUS.PPP.05;sep-19;201909;0.52097280
Panama;PAN;2005 PPP conversion factor, private consumption (LCU per international $);PA.NUS.PRVT.PP.05;sep-19;201909;0.61135750
Papua New Guinea;PNG;2005 PPP conversion factor, GDP (LCU per international $);PA.NUS.PPP.05;sep-19;201909;1.33589100
Papua New Guinea;PNG;2005 PPP conversion factor, private consumption (LCU per international $);PA.NUS.PRVT.PP.05;sep-19;201909;1.68707500
Paraguay;PRY;2005 PPP conversion factor, GDP (LCU per international $);PA.NUS.PPP.05;sep-19;201909;2006.82677490
Paraguay;PRY;2005 PPP conversion factor, private consumption (LCU per international $);PA.NUS.PRVT.PP.05;sep-19;201909;2127.79575202
Peru;PER;2005 PPP conversion factor, GDP (LCU per international $);PA.NUS.PPP.05;sep-19;201909;1.48652551
Peru;PER;2005 PPP conversion factor, private consumption (LCU per international $);PA.NUS.PRVT.PP.05;sep-19;201909;1.65344989
Philippines;PHL;2005 PPP conversion factor, GDP (LCU per international $);PA.NUS.PPP.05;sep-19;201909;21.75488738
Philippines;PHL;2005 PPP conversion factor, private consumption (LCU per international $);PA.NUS.PRVT.PP.05;sep-19;201909;24.17919210
Poland;POL;2005 PPP conversion factor, GDP (LCU per international $);PA.NUS.PPP.05;sep-19;201909;1.86911613
Poland;POL;2005 PPP conversion factor, private consumption (LCU per international $);PA.NUS.PRVT.PP.05;sep-19;201909;2.13358338
Portugal;PRT;2005 PPP conversion factor, GDP (LCU per international $);PA.NUS.PPP.05;sep-19;201909;0.68433021
Portugal;PRT;2005 PPP conversion factor, private consumption (LCU per international $);PA.NUS.PRVT.PP.05;sep-19;201909;0.73869930
Post-demographic dividend;PST;2005 PPP conversion factor, GDP (LCU per international $);PA.NUS.PPP.05;sep-19;201909;..
Post-demographic dividend;PST;2005 PPP conversion factor, private consumption (LCU per international $);PA.NUS.PRVT.PP.05;sep-19;201909;..
Pre-demographic dividend;PRE;2005 PPP conversion factor, GDP (LCU per international $);PA.NUS.PPP.05;sep-19;201909;..
Pre-demographic dividend;PRE;2005 PPP conversion factor, private consumption (LCU per international $);PA.NUS.PRVT.PP.05;sep-19;201909;..
Puerto Rico;PRI;2005 PPP conversion factor, GDP (LCU per international $);PA.NUS.PPP.05;sep-19;201909;..
Puerto Rico;PRI;2005 PPP conversion factor, private consumption (LCU per international $);PA.NUS.PRVT.PP.05;sep-19;201909;..
Qatar;QAT;2005 PPP conversion factor, GDP (LCU per international $);PA.NUS.PPP.05;sep-19;201909;2.74521997
Qatar;QAT;2005 PPP conversion factor, private consumption (LCU per international $);PA.NUS.PRVT.PP.05;sep-19;201909;3.64072117
Reunion;REU;2005 PPP conversion factor, GDP (LCU per international $);PA.NUS.PPP.05;sep-19;201909;..
Reunion;REU;2005 PPP conversion factor, private consumption (LCU per international $);PA.NUS.PRVT.PP.05;sep-19;201909;..
Romania;ROU;2005 PPP conversion factor, GDP (LCU per international $);PA.NUS.PPP.05;sep-19;201909;1.42301155
Romania;ROU;2005 PPP conversion factor, private consumption (LCU per international $);PA.NUS.PRVT.PP.05;sep-19;201909;1.71199833
Russia;RUS;2005 PPP conversion factor, GDP (LCU per international $);PA.NUS.PPP.05;sep-19;201909;12.73613130
Russia;RUS;2005 PPP conversion factor, private consumption (LCU per international $);PA.NUS.PRVT.PP.05;sep-19;201909;13.39084427
Rwanda;RWA;2005 PPP conversion factor, GDP (LCU per international $);PA.NUS.PPP.05;sep-19;201909;186.18228819
Rwanda;RWA;2005 PPP conversion factor, private consumption (LCU per international $);PA.NUS.PRVT.PP.05;sep-19;201909;236.74523999
Samoa;WSM;2005 PPP conversion factor, GDP (LCU per international $);PA.NUS.PPP.05;sep-19;201909;1.62822500
Samoa;WSM;2005 PPP conversion factor, private consumption (LCU per international $);PA.NUS.PRVT.PP.05;sep-19;201909;1.87431500
San Marino;SMR;2005 PPP conversion factor, GDP (LCU per international $);PA.NUS.PPP.05;sep-19;201909;..
San Marino;SMR;2005 PPP conversion factor, private consumption (LCU per international $);PA.NUS.PRVT.PP.05;sep-19;201909;..
Sao Tome and Principe;STP;2005 PPP conversion factor, GDP (LCU per international $);PA.NUS.PPP.05;sep-19;201909;5558.08867884
Sao Tome and Principe;STP;2005 PPP conversion factor, private consumption (LCU per international $);PA.NUS.PRVT.PP.05;sep-19;201909;6363.12530711
Saudi Arabia;SAU;2005 PPP conversion factor, GDP (LCU per international $);PA.NUS.PPP.05;sep-19;201909;2.41044057
Saudi Arabia;SAU;2005 PPP conversion factor, private consumption (LCU per international $);PA.NUS.PRVT.PP.05;sep-19;201909;2.90252076
Senegal;SEN;2005 PPP conversion factor, GDP (LCU per international $);PA.NUS.PPP.05;sep-19;201909;251.66755747
Senegal;SEN;2005 PPP conversion factor, private consumption (LCU per international $);PA.NUS.PRVT.PP.05;sep-19;201909;298.24481945
Serbia;SRB;2005 PPP conversion factor, GDP (LCU per international $);PA.NUS.PPP.05;sep-19;201909;26.56451221
Serbia;SRB;2005 PPP conversion factor, private consumption (LCU per international $);PA.NUS.PRVT.PP.05;sep-19;201909;33.59481097
Serbia and Montenegro;YUG;2005 PPP conversion factor, GDP (LCU per international $);PA.NUS.PPP.05;sep-19;201909;..
Serbia and Montenegro;YUG;2005 PPP conversion factor, private consumption (LCU per international $);PA.NUS.PRVT.PP.05;sep-19;201909;..
Severely Indebted;ISD;2005 PPP conversion factor, GDP (LCU per international $);PA.NUS.PPP.05;sep-19;201909;..
Severely Indebted;ISD;2005 PPP conversion factor, private consumption (LCU per international $);PA.NUS.PRVT.PP.05;sep-19;201909;..
Seychelles;SYC;2005 PPP conversion factor, GDP (LCU per international $);PA.NUS.PPP.05;sep-19;201909;3.37921600
Seychelles;SYC;2005 PPP conversion factor, private consumption (LCU per international $);PA.NUS.PRVT.PP.05;sep-19;201909;4.49895700
Sierra Leone;SLE;2005 PPP conversion factor, GDP (LCU per international $);PA.NUS.PPP.05;sep-19;201909;1074.12192664
Sierra Leone;SLE;2005 PPP conversion factor, private consumption (LCU per international $);PA.NUS.PRVT.PP.05;sep-19;201909;1396.20941221
Singapore;SGP;2005 PPP conversion factor, GDP (LCU per international $);PA.NUS.PPP.05;sep-19;201909;1.07856210
Singapore;SGP;2005 PPP conversion factor, private consumption (LCU per international $);PA.NUS.PRVT.PP.05;sep-19;201909;1.46726259
Sint Maarten (Dutch part);SXM;2005 PPP conversion factor, GDP (LCU per international $);PA.NUS.PPP.05;sep-19;201909;..
Sint Maarten (Dutch part);SXM;2005 PPP conversion factor, private consumption (LCU per international $);PA.NUS.PRVT.PP.05;sep-19;201909;..
Slovak Republic;SVK;2005 PPP conversion factor, GDP (LCU per international $);PA.NUS.PPP.05;sep-19;201909;0.56595970
Slovak Republic;SVK;2005 PPP conversion factor, private consumption (LCU per international $);PA.NUS.PRVT.PP.05;sep-19;201909;0.61616825
Slovenia;SVN;2005 PPP conversion factor, GDP (LCU per international $);PA.NUS.PPP.05;sep-19;201909;0.61160284
Slovenia;SVN;2005 PPP conversion factor, private consumption (LCU per international $);PA.NUS.PRVT.PP.05;sep-19;201909;0.65999961
Small states;SST;2005 PPP conversion factor, GDP (LCU per international $);PA.NUS.PPP.05;sep-19;201909;..
Small states;SST;2005 PPP conversion factor, private consumption (LCU per international $);PA.NUS.PRVT.PP.05;sep-19;201909;..
Solomon Islands;SLB;2005 PPP conversion factor, GDP (LCU per international $);PA.NUS.PPP.05;sep-19;201909;3.20055400
Solomon Islands;SLB;2005 PPP conversion factor, private consumption (LCU per international $);PA.NUS.PRVT.PP.05;sep-19;201909;3.91963500
Somalia;SOM;2005 PPP conversion factor, GDP (LCU per international $);PA.NUS.PPP.05;sep-19;201909;..
Somalia;SOM;2005 PPP conversion factor, private consumption (LCU per international $);PA.NUS.PRVT.PP.05;sep-19;201909;..
South Africa;ZAF;2005 PPP conversion factor, GDP (LCU per international $);PA.NUS.PPP.05;sep-19;201909;3.87197513
South Africa;ZAF;2005 PPP conversion factor, private consumption (LCU per international $);PA.NUS.PRVT.PP.05;sep-19;201909;4.57165453
South Asia;SAS;2005 PPP conversion factor, GDP (LCU per international $);PA.NUS.PPP.05;sep-19;201909;..
South Asia;SAS;2005 PPP conversion factor, private consumption (LCU per international $);PA.NUS.PRVT.PP.05;sep-19;201909;..
South Asia (IDA & IBRD);TSA;2005 PPP conversion factor, GDP (LCU per international $);PA.NUS.PPP.05;sep-19;201909;..
South Asia (IDA & IBRD);TSA;2005 PPP conversion factor, private consumption (LCU per international $);PA.NUS.PRVT.PP.05;sep-19;201909;..
South Asia (IFC classification);CSA;2005 PPP conversion factor, GDP (LCU per international $);PA.NUS.PPP.05;sep-19;201909;..
South Asia (IFC classification);CSA;2005 PPP conversion factor, private consumption (LCU per international $);PA.NUS.PRVT.PP.05;sep-19;201909;..
South Sudan;SSD;2005 PPP conversion factor, GDP (LCU per international $);PA.NUS.PPP.05;sep-19;201909;..
South Sudan;SSD;2005 PPP conversion factor, private consumption (LCU per international $);PA.NUS.PRVT.PP.05;sep-19;201909;..
Spain;ESP;2005 PPP conversion factor, GDP (LCU per international $);PA.NUS.PPP.05;sep-19;201909;0.76491056
Spain;ESP;2005 PPP conversion factor, private consumption (LCU per international $);PA.NUS.PRVT.PP.05;sep-19;201909;0.79128187
Sri Lanka;LKA;2005 PPP conversion factor, GDP (LCU per international $);PA.NUS.PPP.05;sep-19;201909;35.17017859
Sri Lanka;LKA;2005 PPP conversion factor, private consumption (LCU per international $);PA.NUS.PRVT.PP.05;sep-19;201909;40.03949905
St. Kitts and Nevis;KNA;2005 PPP conversion factor, GDP (LCU per international $);PA.NUS.PPP.05;sep-19;201909;1.87557600
St. Kitts and Nevis;KNA;2005 PPP conversion factor, private consumption (LCU per international $);PA.NUS.PRVT.PP.05;sep-19;201909;2.16121500
St. Lucia;LCA;2005 PPP conversion factor, GDP (LCU per international $);PA.NUS.PPP.05;sep-19;201909;1.61905800
St. Lucia;LCA;2005 PPP conversion factor, private consumption (LCU per international $);PA.NUS.PRVT.PP.05;sep-19;201909;1.89829300
St. Martin (French part);MAF;2005 PPP conversion factor, GDP (LCU per international $);PA.NUS.PPP.05;sep-19;201909;..
St. Martin (French part);MAF;2005 PPP conversion factor, private consumption (LCU per international $);PA.NUS.PRVT.PP.05;sep-19;201909;..
St. Vincent and the Grenadines;VCT;2005 PPP conversion factor, GDP (LCU per international $);PA.NUS.PPP.05;sep-19;201909;1.54653500
St. Vincent and the Grenadines;VCT;2005 PPP conversion factor, private consumption (LCU per international $);PA.NUS.PRVT.PP.05;sep-19;201909;1.78309700
Sub-Saharan Africa;SSA;2005 PPP conversion factor, GDP (LCU per international $);PA.NUS.PPP.05;sep-19;201909;..
Sub-Saharan Africa;SSA;2005 PPP conversion factor, private consumption (LCU per international $);PA.NUS.PRVT.PP.05;sep-19;201909;..
Sub-Saharan Africa (all income levels);SSF;2005 PPP conversion factor, GDP (LCU per international $);PA.NUS.PPP.05;sep-19;201909;..
Sub-Saharan Africa (all income levels);SSF;2005 PPP conversion factor, private consumption (LCU per international $);PA.NUS.PRVT.PP.05;sep-19;201909;..
SUB-SAHARAN AFRICA (excl. Nigeria);SXN;2005 PPP conversion factor, GDP (LCU per international $);PA.NUS.PPP.05;sep-19;201909;..
SUB-SAHARAN AFRICA (excl. Nigeria);SXN;2005 PPP conversion factor, private consumption (LCU per international $);PA.NUS.PRVT.PP.05;sep-19;201909;..
Sub-Saharan Africa (IDA & IBRD);TSS;2005 PPP conversion factor, GDP (LCU per international $);PA.NUS.PPP.05;sep-19;201909;..
Sub-Saharan Africa (IDA & IBRD);TSS;2005 PPP conversion factor, private consumption (LCU per international $);PA.NUS.PRVT.PP.05;sep-19;201909;..
Sub-Saharan Africa (IFC classification);CAA;2005 PPP conversion factor, GDP (LCU per international $);PA.NUS.PPP.05;sep-19;201909;..
Sub-Saharan Africa (IFC classification);CAA;2005 PPP conversion factor, private consumption (LCU per international $);PA.NUS.PRVT.PP.05;sep-19;201909;..
Sudan;SDN;2005 PPP conversion factor, GDP (LCU per international $);PA.NUS.PPP.05;sep-19;201909;1.07680691
Sudan;SDN;2005 PPP conversion factor, private consumption (LCU per international $);PA.NUS.PRVT.PP.05;sep-19;201909;1.23508171
Suriname;SUR;2005 PPP conversion factor, GDP (LCU per international $);PA.NUS.PPP.05;sep-19;201909;1.60134300
Suriname;SUR;2005 PPP conversion factor, private consumption (LCU per international $);PA.NUS.PRVT.PP.05;sep-19;201909;1.83443000
Swaziland;SWZ;2005 PPP conversion factor, GDP (LCU per international $);PA.NUS.PPP.05;sep-19;201909;3.29301085
Swaziland;SWZ;2005 PPP conversion factor, private consumption (LCU per international $);PA.NUS.PRVT.PP.05;sep-19;201909;3.72736144
Sweden;SWE;2005 PPP conversion factor, GDP (LCU per international $);PA.NUS.PPP.05;sep-19;201909;9.37836727
Sweden;SWE;2005 PPP conversion factor, private consumption (LCU per international $);PA.NUS.PRVT.PP.05;sep-19;201909;9.59732418
Switzerland;CHE;2005 PPP conversion factor, GDP (LCU per international $);PA.NUS.PPP.05;sep-19;201909;1.74275607
Switzerland;CHE;2005 PPP conversion factor, private consumption (LCU per international $);PA.NUS.PRVT.PP.05;sep-19;201909;1.84976985
Syrian Arab Republic;SYR;2005 PPP conversion factor, GDP (LCU per international $);PA.NUS.PPP.05;sep-19;201909;19.71695821
Syrian Arab Republic;SYR;2005 PPP conversion factor, private consumption (LCU per international $);PA.NUS.PRVT.PP.05;sep-19;201909;24.65138076
Taiwan, China;TWN;2005 PPP conversion factor, GDP (LCU per international $);PA.NUS.PPP.05;sep-19;201909;..
Taiwan, China;TWN;2005 PPP conversion factor, private consumption (LCU per international $);PA.NUS.PRVT.PP.05;sep-19;201909;..
Tajikistan;TJK;2005 PPP conversion factor, GDP (LCU per international $);PA.NUS.PPP.05;sep-19;201909;0.74435197
Tajikistan;TJK;2005 PPP conversion factor, private consumption (LCU per international $);PA.NUS.PRVT.PP.05;sep-19;201909;0.92688894
Tanzania;TZA;2005 PPP conversion factor, GDP (LCU per international $);PA.NUS.PPP.05;sep-19;201909;395.62724155
Tanzania;TZA;2005 PPP conversion factor, private consumption (LCU per international $);PA.NUS.PRVT.PP.05;sep-19;201909;482.45093689
Thailand;THA;2005 PPP conversion factor, GDP (LCU per international $);PA.NUS.PPP.05;sep-19;201909;15.93210223
Thailand;THA;2005 PPP conversion factor, private consumption (LCU per international $);PA.NUS.PRVT.PP.05;sep-19;201909;17.46550546
Timor-Leste;TLS;2005 PPP conversion factor, GDP (LCU per international $);PA.NUS.PPP.05;sep-19;201909;0.46914430
Timor-Leste;TLS;2005 PPP conversion factor, private consumption (LCU per international $);PA.NUS.PRVT.PP.05;sep-19;201909;0.49039260
Togo;TGO;2005 PPP conversion factor, GDP (LCU per international $);PA.NUS.PPP.05;sep-19;201909;240.38134011
Togo;TGO;2005 PPP conversion factor, private consumption (LCU per international $);PA.NUS.PRVT.PP.05;sep-19;201909;282.25661310
Tonga;TON;2005 PPP conversion factor, GDP (LCU per international $);PA.NUS.PPP.05;sep-19;201909;1.20484200
Tonga;TON;2005 PPP conversion factor, private consumption (LCU per international $);PA.NUS.PRVT.PP.05;sep-19;201909;1.31244500
Trinidad and Tobago;TTO;2005 PPP conversion factor, GDP (LCU per international $);PA.NUS.PPP.05;sep-19;201909;3.81597800
Trinidad and Tobago;TTO;2005 PPP conversion factor, private consumption (LCU per international $);PA.NUS.PRVT.PP.05;sep-19;201909;4.61389000
Tunisia;TUN;2005 PPP conversion factor, GDP (LCU per international $);PA.NUS.PPP.05;sep-19;201909;0.58128376
Tunisia;TUN;2005 PPP conversion factor, private consumption (LCU per international $);PA.NUS.PRVT.PP.05;sep-19;201909;0.69612007
Turkey;TUR;2005 PPP conversion factor, GDP (LCU per international $);PA.NUS.PPP.05;sep-19;201909;0.83063960
Turkey;TUR;2005 PPP conversion factor, private consumption (LCU per international $);PA.NUS.PRVT.PP.05;sep-19;201909;0.97192999
Turkmenistan;TKM;2005 PPP conversion factor, GDP (LCU per international $);PA.NUS.PPP.05;sep-19;201909;0.79005620
Turkmenistan;TKM;2005 PPP conversion factor, private consumption (LCU per international $);PA.NUS.PRVT.PP.05;sep-19;201909;0.95376920
Turks and Caicos Islands;TCA;2005 PPP conversion factor, GDP (LCU per international $);PA.NUS.PPP.05;sep-19;201909;..
Turks and Caicos Islands;TCA;2005 PPP conversion factor, private consumption (LCU per international $);PA.NUS.PRVT.PP.05;sep-19;201909;..
Tuvalu;TUV;2005 PPP conversion factor, GDP (LCU per international $);PA.NUS.PPP.05;sep-19;201909;..
Tuvalu;TUV;2005 PPP conversion factor, private consumption (LCU per international $);PA.NUS.PRVT.PP.05;sep-19;201909;..
Uganda;UGA;2005 PPP conversion factor, GDP (LCU per international $);PA.NUS.PPP.05;sep-19;201909;619.64012659
Uganda;UGA;2005 PPP conversion factor, private consumption (LCU per international $);PA.NUS.PRVT.PP.05;sep-19;201909;744.61788530
Ukraine;UKR;2005 PPP conversion factor, GDP (LCU per international $);PA.NUS.PPP.05;sep-19;201909;1.67848096
Ukraine;UKR;2005 PPP conversion factor, private consumption (LCU per international $);PA.NUS.PRVT.PP.05;sep-19;201909;1.70913675
United Arab Emirates;ARE;2005 PPP conversion factor, GDP (LCU per international $);PA.NUS.PPP.05;sep-19;201909;2.43816700
United Arab Emirates;ARE;2005 PPP conversion factor, private consumption (LCU per international $);PA.NUS.PRVT.PP.05;sep-19;201909;2.69574100
United Kingdom;GBR;2005 PPP conversion factor, GDP (LCU per international $);PA.NUS.PPP.05;sep-19;201909;0.63617311
United Kingdom;GBR;2005 PPP conversion factor, private consumption (LCU per international $);PA.NUS.PRVT.PP.05;sep-19;201909;0.65174688
United States;USA;2005 PPP conversion factor, GDP (LCU per international $);PA.NUS.PPP.05;sep-19;201909;1.00000000
United States;USA;2005 PPP conversion factor, private consumption (LCU per international $);PA.NUS.PRVT.PP.05;sep-19;201909;1.00000000
Upper middle income;UMC;2005 PPP conversion factor, GDP (LCU per international $);PA.NUS.PPP.05;sep-19;201909;..
Upper middle income;UMC;2005 PPP conversion factor, private consumption (LCU per international $);PA.NUS.PRVT.PP.05;sep-19;201909;..
Uruguay;URY;2005 PPP conversion factor, GDP (LCU per international $);PA.NUS.PPP.05;sep-19;201909;13.27824755
Uruguay;URY;2005 PPP conversion factor, private consumption (LCU per international $);PA.NUS.PRVT.PP.05;sep-19;201909;15.31034241
Uzbekistan;UZB;2005 PPP conversion factor, GDP (LCU per international $);PA.NUS.PPP.05;sep-19;201909;304.11810000
Uzbekistan;UZB;2005 PPP conversion factor, private consumption (LCU per international $);PA.NUS.PRVT.PP.05;sep-19;201909;376.06970000
Vanuatu;VUT;2005 PPP conversion factor, GDP (LCU per international $);PA.NUS.PPP.05;sep-19;201909;58.13301000
Vanuatu;VUT;2005 PPP conversion factor, private consumption (LCU per international $);PA.NUS.PRVT.PP.05;sep-19;201909;69.36764000
Venezuela;VEN;2005 PPP conversion factor, GDP (LCU per international $);PA.NUS.PPP.05;sep-19;201909;1.15288146
Venezuela;VEN;2005 PPP conversion factor, private consumption (LCU per international $);PA.NUS.PRVT.PP.05;sep-19;201909;1.25112223
Vietnam;VNM;2005 PPP conversion factor, GDP (LCU per international $);PA.NUS.PPP.05;sep-19;201909;4712.68820847
Vietnam;VNM;2005 PPP conversion factor, private consumption (LCU per international $);PA.NUS.PRVT.PP.05;sep-19;201909;5919.89417974
Virgin Islands;VIR;2005 PPP conversion factor, GDP (LCU per international $);PA.NUS.PPP.05;sep-19;201909;..
Virgin Islands;VIR;2005 PPP conversion factor, private consumption (LCU per international $);PA.NUS.PRVT.PP.05;sep-19;201909;..
West Bank and Gaza;PSE;2005 PPP conversion factor, GDP (LCU per international $);PA.NUS.PPP.05;sep-19;201909;2.04517068
West Bank and Gaza;PSE;2005 PPP conversion factor, private consumption (LCU per international $);PA.NUS.PRVT.PP.05;sep-19;201909;2.13009044
World;WLD;2005 PPP conversion factor, GDP (LCU per international $);PA.NUS.PPP.05;sep-19;201909;..
World;WLD;2005 PPP conversion factor, private consumption (LCU per international $);PA.NUS.PRVT.PP.05;sep-19;201909;..
Yemen;YEM;2005 PPP conversion factor, GDP (LCU per international $);PA.NUS.PPP.05;sep-19;201909;69.49008519
Yemen;YEM;2005 PPP conversion factor, private consumption (LCU per international $);PA.NUS.PRVT.PP.05;sep-19;201909;91.06246670
Yemen, PDR;YMD;2005 PPP conversion factor, GDP (LCU per international $);PA.NUS.PPP.05;sep-19;201909;..
Yemen, PDR;YMD;2005 PPP conversion factor, private consumption (LCU per international $);PA.NUS.PRVT.PP.05;sep-19;201909;..
Zambia;ZMB;2005 PPP conversion factor, GDP (LCU per international $);PA.NUS.PPP.05;sep-19;201909;2.41480836
Zambia;ZMB;2005 PPP conversion factor, private consumption (LCU per international $);PA.NUS.PRVT.PP.05;sep-19;201909;2.83032644
Zimbabwe;ZWE;2005 PPP conversion factor, GDP (LCU per international $);PA.NUS.PPP.05;sep-19;201909;..
Zimbabwe;ZWE;2005 PPP conversion factor, private consumption (LCU per international $);PA.NUS.PRVT.PP.05;sep-19;201909;..
;;;;;;
;;;;;;
;;;;;;
Data from database: WDI Database Archives (beta);;;;;;
Last Updated: 01/29/2020;;;;;;
